{"cameraMode":{"drawMode":0,"name":"Shaded","section":"Shading Mode"},"sceneLighting":false,"audioPlay":false,"sceneViewState":{"showFog":true,"showMaterialUpdate":false,"showSkybox":true,"showFlares":true,"showImageEffects":true,"showParticleSystems":true},"in2DMode":false,"pivot":{"x":0.02341175079345703,"y":0.5451288819313049,"z":0.4113755524158478},"rotation":{"x":0.0016820932505652309,"y":0.9969362616539002,"z":-0.0749107226729393,"w":0.02244351990520954},"size":2.1313748359680177,"orthographic":false}