{"cameraMode":{"drawMode":0,"name":"Shaded","section":"Shading Mode"},"sceneLighting":false,"audioPlay":false,"sceneViewState":{"showFog":true,"showMaterialUpdate":false,"showSkybox":true,"showFlares":true,"showImageEffects":true,"showParticleSystems":true},"in2DMode":false,"pivot":{"x":-12.03010368347168,"y":2.4931600093841554,"z":-0.48916953802108767},"rotation":{"x":-0.04378443583846092,"y":-0.7380496263504028,"z":-0.04811641946434975,"w":0.6716029644012451},"size":13.086329460144043,"orthographic":false}