{"cameraMode":{"drawMode":0,"name":"Shaded","section":"Shading Mode"},"sceneLighting":false,"audioPlay":false,"sceneViewState":{"showFog":true,"showMaterialUpdate":false,"showSkybox":true,"showFlares":true,"showImageEffects":true,"showParticleSystems":true},"in2DMode":false,"pivot":{"x":-0.0000049387999752070758,"y":-0.00000788997294876026,"z":-0.00005652518666465767},"rotation":{"x":-0.06349719315767288,"y":-0.8752232193946838,"z":0.11967922747135163,"w":-0.46435898542404177},"size":0.00005715767838410102,"orthographic":false}