{"cameraMode":{"drawMode":0,"name":"Shaded","section":"Shading Mode"},"sceneLighting":false,"audioPlay":false,"sceneViewState":{"showFog":true,"showMaterialUpdate":false,"showSkybox":true,"showFlares":true,"showImageEffects":true,"showParticleSystems":true},"in2DMode":false,"pivot":{"x":1.8661155700683594,"y":8.096171379089356,"z":-4.738064765930176},"rotation":{"x":-0.06349719315767288,"y":-0.8752232193946838,"z":0.11967922747135163,"w":-0.46435898542404177},"size":78.68849182128906,"orthographic":false}