{"cameraMode":{"drawMode":0,"name":"Shaded","section":"Shading Mode"},"sceneLighting":false,"audioPlay":false,"sceneViewState":{"showFog":true,"showMaterialUpdate":false,"showSkybox":true,"showFlares":true,"showImageEffects":true,"showParticleSystems":true},"in2DMode":false,"pivot":{"x":-1.3849809169769288,"y":2.406198501586914,"z":2.967987537384033},"rotation":{"x":-0.16495372354984284,"y":-0.22851231694221497,"z":0.039319418370723727,"w":-0.9586586952209473},"size":1.6268925666809083,"orthographic":false}