{"cameraMode":{"drawMode":0,"name":"Shaded","section":"Shading Mode"},"sceneLighting":false,"audioPlay":false,"sceneViewState":{"showFog":true,"showMaterialUpdate":false,"showSkybox":true,"showFlares":true,"showImageEffects":true,"showParticleSystems":true},"in2DMode":false,"pivot":{"x":0.7172365188598633,"y":5.315366744995117,"z":3.4593896865844728},"rotation":{"x":-0.1687058061361313,"y":-0.24124358594417573,"z":0.04262864962220192,"w":-0.9547370076179504},"size":33.55342102050781,"orthographic":false}