{"cameraMode":{"drawMode":0,"name":"Shaded","section":"Shading Mode"},"sceneLighting":false,"audioPlay":false,"sceneViewState":{"showFog":true,"showMaterialUpdate":false,"showSkybox":true,"showFlares":true,"showImageEffects":true,"showParticleSystems":true},"in2DMode":false,"pivot":{"x":-2.282139778137207,"y":-18.35401153564453,"z":3.6983633041381838},"rotation":{"x":-0.033837102353572848,"y":-0.056345634162425998,"z":0.0019131405279040337,"w":-0.9978359341621399},"size":114.97232055664063,"orthographic":true}