{"cameraMode":{"drawMode":0,"name":"Shaded","section":"Shading Mode"},"sceneLighting":false,"audioPlay":false,"sceneViewState":{"showFog":true,"showMaterialUpdate":false,"showSkybox":true,"showFlares":true,"showImageEffects":true,"showParticleSystems":true},"in2DMode":false,"pivot":{"x":-1.5519933700561524,"y":0.9432952404022217,"z":2.8259987831115724},"rotation":{"x":-0.06349719315767288,"y":-0.8752232193946838,"z":0.11967922747135163,"w":-0.46435898542404177},"size":9.210282325744629,"orthographic":false}