{"cameraMode":{"drawMode":0,"name":"Shaded","section":"Shading Mode"},"sceneLighting":true,"audioPlay":false,"sceneViewState":{"showFog":true,"showMaterialUpdate":false,"showSkybox":true,"showFlares":true,"showImageEffects":true,"showParticleSystems":true},"in2DMode":false,"pivot":{"x":4.6965179443359379,"y":1.8894424438476563,"z":1.1160888671875},"rotation":{"x":-0.033837102353572848,"y":-0.056345634162425998,"z":0.0019131405279040337,"w":-0.9978359341621399},"size":11.907559394836426,"orthographic":true}