{"cameraMode":{"drawMode":0,"name":"Shaded","section":"Shading Mode"},"sceneLighting":false,"audioPlay":false,"sceneViewState":{"showFog":true,"showMaterialUpdate":false,"showSkybox":true,"showFlares":true,"showImageEffects":true,"showParticleSystems":true},"in2DMode":false,"pivot":{"x":-1.2229758501052857,"y":0.31107097864151,"z":0.4880608320236206},"rotation":{"x":0.12174935638904572,"y":-0.7111338973045349,"z":0.1272018700838089,"w":0.6806507706642151},"size":2.5579893589019777,"orthographic":false}