{"cameraMode":{"drawMode":0,"name":"Shaded","section":"Shading Mode"},"sceneLighting":false,"audioPlay":false,"sceneViewState":{"showFog":true,"showMaterialUpdate":false,"showSkybox":true,"showFlares":true,"showImageEffects":true,"showParticleSystems":true},"in2DMode":false,"pivot":{"x":0.1824197769165039,"y":-6.260909080505371,"z":3.3460936546325685},"rotation":{"x":-0.1687058061361313,"y":-0.24124358594417573,"z":0.04262864962220192,"w":-0.9547370076179504},"size":46.19566345214844,"orthographic":false}