{"cameraMode":{"drawMode":0,"name":"Shaded","section":"Shading Mode"},"sceneLighting":false,"audioPlay":false,"sceneViewState":{"showFog":true,"showMaterialUpdate":false,"showSkybox":true,"showFlares":true,"showImageEffects":true,"showParticleSystems":true},"in2DMode":false,"pivot":{"x":0.23200002312660218,"y":0.8398905992507935,"z":0.843220055103302},"rotation":{"x":0.12196533381938935,"y":-0.8751555681228638,"z":0.2909891605377197,"w":0.36681416630744936},"size":1.4834998846054078,"orthographic":true}