{"cameraMode":{"drawMode":0,"name":"Shaded","section":"Shading Mode"},"sceneLighting":false,"audioPlay":false,"sceneViewState":{"showFog":true,"showMaterialUpdate":false,"showSkybox":true,"showFlares":true,"showImageEffects":true,"showParticleSystems":true},"in2DMode":false,"pivot":{"x":0.000025022513000294566,"y":0.000012133556992921513,"z":-0.00002159662290068809},"rotation":{"x":-0.05569702386856079,"y":-0.5219953656196594,"z":0.03418635204434395,"w":-0.8504410982131958},"size":0.00005715767838410102,"orthographic":false}