{"cameraMode":{"drawMode":0,"name":"Shaded","section":"Shading Mode"},"sceneLighting":false,"audioPlay":false,"sceneViewState":{"showFog":true,"showMaterialUpdate":false,"showSkybox":true,"showFlares":true,"showImageEffects":true,"showParticleSystems":true},"in2DMode":false,"pivot":{"x":12.192024230957032,"y":21.62106704711914,"z":-5.291016101837158},"rotation":{"x":-0.06349719315767288,"y":-0.8752232193946838,"z":0.11967922747135163,"w":-0.46435898542404177},"size":79.95685577392578,"orthographic":false}