{"cameraMode":{"drawMode":0,"name":"Shaded","section":"Shading Mode"},"sceneLighting":true,"audioPlay":false,"sceneViewState":{"showFog":true,"showMaterialUpdate":false,"showSkybox":true,"showFlares":true,"showImageEffects":true,"showParticleSystems":true},"in2DMode":false,"pivot":{"x":0.04587149620056152,"y":0.5444632172584534,"z":-4.966460704803467},"rotation":{"x":-0.05514909699559212,"y":0.7361303567886353,"z":-0.06042321026325226,"w":-0.6718778610229492},"size":5.259657382965088,"orthographic":false}