{"cameraMode":{"drawMode":0,"name":"Shaded","section":"Shading Mode"},"sceneLighting":false,"audioPlay":false,"sceneViewState":{"showFog":true,"showMaterialUpdate":false,"showSkybox":true,"showFlares":true,"showImageEffects":true,"showParticleSystems":true},"in2DMode":false,"pivot":{"x":0.5052247047424316,"y":0.06737327575683594,"z":1.6183851957321168},"rotation":{"x":0.0672813206911087,"y":0.9051100015640259,"z":-0.1563020795583725,"w":0.38963940739631655},"size":1.5941574573516846,"orthographic":false}